{
  "controller/BaseController-dbg.js": 1714126006613,
  "controller/Dashboard.controller.js": 1713277573276,
  "model/messenger.js": 1712902181899,
  "controller/Detail.controller.js": 1714127713539,
  "model/models.js": 1712902144843,
  "controller/BaseController.js": 1714126006613,
  "controller/App.controller.js": 1712757745695,
  "manifest.json": 1715241905054,
  "Component.js": 1712901671818,
  "controller/Detail-dbg.controller.js": 1714127713539,
  "controller/Detail.controller.js.map": 1715241905274,
  "model/messenger-dbg.js": 1712902181899,
  "model/messenger.js.map": 1715241905275,
  "controller/Dashboard-dbg.controller.js": 1713277573276,
  "controller/Dashboard.controller.js.map": 1715241905269,
  "model/models-dbg.js": 1712902144843,
  "model/models.js.map": 1715241905256,
  "i18n/i18n.properties": 1714127679560,
  "controller/BaseController.js.map": 1715241905287,
  "controller/App-dbg.controller.js": 1712757745695,
  "controller/App.controller.js.map": 1715241905271,
  "Component-dbg.js": 1712901671818,
  "Component.js.map": 1715241905281,
  "Component-preload.js": 1715241905602,
  "Component-preload.js.map": 1715241905602,
  "view/Detail.view.xml": 1713240620789,
  "view/Dashboard.view.xml": 1713276853488,
  "view/App.view.xml": 1712757745695,
  "css/style.css": 1712757745695,
  "index.html": 1712906592716
}