{
  "model/models-dbg.js": 1712902144843,
  "controller/BaseController.js": 1713272863878,
  "model/messenger.js": 1712902181899,
  "controller/Detail.controller.js": 1713273081885,
  "controller/Dashboard.controller.js": 1713277573276,
  "model/models.js": 1712902144843,
  "controller/App.controller.js": 1712757745695,
  "manifest.json": 1713352873434,
  "Component.js": 1712901671818,
  "i18n/i18n.properties": 1713275143372,
  "model/models.js.map": 1713352874430,
  "model/messenger-dbg.js": 1712902181899,
  "model/messenger.js.map": 1713352874508,
  "controller/Detail-dbg.controller.js": 1713273081885,
  "controller/Detail.controller.js.map": 1713352874486,
  "controller/Dashboard-dbg.controller.js": 1713277573276,
  "controller/Dashboard.controller.js.map": 1713352874522,
  "controller/BaseController-dbg.js": 1713272863878,
  "controller/BaseController.js.map": 1713352874536,
  "controller/App-dbg.controller.js": 1712757745695,
  "controller/App.controller.js.map": 1713352874506,
  "Component-dbg.js": 1712901671818,
  "Component.js.map": 1713352874520,
  "Component-preload.js": 1713352876251,
  "Component-preload.js.map": 1713352876251,
  "view/Detail.view.xml": 1713240620789,
  "view/Dashboard.view.xml": 1713276853488,
  "view/App.view.xml": 1712757745695,
  "css/style.css": 1712757745695,
  "index.html": 1712906592716
}