{
  "view/Detail.view.xml": 1720710374843,
  "model/messenger.js": 1712902181899,
  "model/models.js": 1712902144843,
  "controller/Detail.controller.js": 1716395407232,
  "controller/Dashboard.controller.js": 1720687480946,
  "controller/BaseController.js": 1714126006613,
  "controller/App.controller.js": 1712757745695,
  "manifest.json": 1729766603648,
  "Component.js": 1712901671818,
  "controller/App-dbg.controller.js": 1712757745695,
  "controller/App.controller.js.map": 1729766603753,
  "model/models-dbg.js": 1712902144843,
  "model/models.js.map": 1729766603757,
  "controller/Detail-dbg.controller.js": 1716395407232,
  "controller/Detail.controller.js.map": 1729766603778,
  "controller/Dashboard-dbg.controller.js": 1720687480946,
  "controller/Dashboard.controller.js.map": 1729766603778,
  "controller/BaseController-dbg.js": 1714126006613,
  "controller/BaseController.js.map": 1729766603772,
  "model/messenger-dbg.js": 1712902181899,
  "model/messenger.js.map": 1729766603768,
  "Component-dbg.js": 1712901671818,
  "Component.js.map": 1729766603771,
  "Component-preload.js": 1729766603865,
  "Component-preload.js.map": 1729766603865,
  "i18n/i18n.properties": 1716367447384,
  "view/Dashboard.view.xml": 1729766562760,
  "view/App.view.xml": 1712757745695,
  "css/style.css": 1716286325779,
  "index.html": 1712906592716
}